{
  "hosting": {
    "public": "dist",
    "ignore": [
      "firebase.json",
      "**/.*",
      "**/node_modules/**"
    ],
    "rewrites": [
      {
        "source": "**",
        "destination": "/index.html"
      }
    ],
    "headers": [
      {
        "source": "/assets/**",
        "headers": [
              {
                "key": "Access-Control-Allow-Origin",
                "value": "*"  // Allow all origins to access these files
              },
              {
                "key": "Access-Control-Allow-Methods",
                "value": "GET, HEAD, OPTIONS"
              },
              {
                "key": "Access-Control-Allow-Headers",
                "value": "Content-Type"
              }
            
          
        ]
      }
      ]
  }
}
